id;survey_date;created_date
952a279c-9bdc-4db9-9073-88414f7ef42a;2022-03-23T06:01:55;2022-03-22T09:57:53
4d3f2148-7c37-4d3b-802f-ef7197c892b6;2022-03-23T08:15:19;2022-03-23T03:04:31
88652d2a-9811-4030-8a4e-c7b970252a24;2022-03-22T12:13:56;2022-03-23T00:19:52
c634ed71-a54b-4cfd-8482-bf00eb41cf74;2022-03-22T22:37:09;2022-03-22T15:20:17
43466314-3ce4-428b-998a-607aff610fac;2022-03-22T14:53:43;2022-03-22T17:36:20
5fd1ad6a-6f56-4c6f-b5fb-fe9e69b8977d;2022-03-22T10:08:28;2022-03-22T09:36:47
ab1e0aea-b522-42dd-b30a-8e0da86b2c5f;2022-03-23T01:45:02;2022-03-22T13:32:26
8f7bdbdf-0c4b-4d76-9d75-e11b23c735bc;2022-03-23T06:09:02;2022-03-23T05:45:12
b79c569a-daaa-48a1-b4e6-dc80d40924fa;2022-03-22T11:09:37;2022-03-22T11:19:19
f0b83fb1-7236-4ab0-b896-4b756afc5694;2022-03-22T17:35:01;2022-03-23T00:41:32
